time,seconds_elapsed,z,y,x
1782846792190568700,0.080568603515625,1.1016484054923057,-5.676196209156513,0.12964637061059475
1782846792200572700,0.09057275390625,0.2512064653992653,-3.893623349060118,0.017532149559259413
1782846792210577700,0.10057763671875,-0.9554501285314559,-2.501834351879358,-0.22043854830041526
1782846792220582700,0.110582763671875,-1.2846546103686094,-0.9912351431399583,-0.1442860135987401
1782846792230587000,0.1205869140625,-1.6872183429270982,0.3045931876718998,0.3724215461425483
1782846792240592000,0.130591796875,-2.302422371125221,1.1513650609500705,0.579073999544233
1782846792250596900,0.140596923828125,-1.8182821791201829,1.549764951827377,0.04168890489004552
1782846792260600800,0.150600830078125,-0.36671208245456216,1.5501298396170138,-0.4370937786698341
1782846792270605800,0.160605712890625,1.4055816679507493,1.1131197937078774,-0.715037736608088
1782846792280609800,0.17060986328125,3.094431411471963,0.8674474354296923,-1.018789870345965
1782846792290614800,0.18061474609375,4.5636149062395095,0.6888939721785485,-1.3787743250459432
1782846792300619800,0.190619873046875,5.435191404297948,0.6333895270995795,-1.6282738403968513
1782846792310624000,0.2006240234375,5.997699030575156,0.5844765892401337,-1.6436637172304094
1782846792320629000,0.21062890625,6.626127282005548,0.6924586789228022,-1.4779264809325336
1782846792330634000,0.220634033203125,7.13793757122457,0.7144185817964375,-1.6463196385666727
1782846792340637700,0.2306376953125,7.492294614496827,0.8898159191042184,-1.6868106389090418
1782846792350642700,0.240642578125,7.644574257197975,1.1867388644091785,-1.6491687443874776
1782846792360648000,0.25064794921875,7.62317491081655,1.3354891639403998,-1.5138688780598342
1782846792370651600,0.260651611328125,7.492711963126063,1.4689207521781324,-1.3699883765220642
1782846792380656600,0.27065673828125,7.093651270252466,1.6967901811316608,-1.1318845538020132
1782846792390660900,0.280660888671875,6.624208296641707,2.280078875761479,-0.6279192789949476
1782846792400665900,0.290665771484375,5.68914336901307,2.9979923139363525,-0.03780819099918008
1782846792410670800,0.3006708984375,4.775089665231109,3.2501091721788047,0.2484550477992743
1782846792420674800,0.3106748046875,3.9906495988339183,3.2513100724011657,0.34902065068036314
1782846792430679800,0.3206796875,3.1228964584559202,3.06476400296092,0.27782997616976496
1782846792440684800,0.330684814453125,2.463407882851362,2.624201086875796,0.1554345265354961
1782846792450688800,0.340688720703125,1.8681307903945445,2.0971881139583886,0.08481039986647665
1782846792460693800,0.35069384765625,0.8826099332481622,1.4346524257428943,0.07724617515727877
1782846792470698800,0.36069873046875,-0.5025736743181943,0.7701458758458495,0.2759369289647788
1782846792480703000,0.370702880859375,-1.8597177668362854,-0.133463590811193,0.5395510405164212
1782846792490708000,0.3807080078125,-3.3012165513426064,-1.3786056904807686,0.643565030285716
1782846792500712000,0.3907119140625,-4.677310843524337,-2.4863743324190377,0.6342195481829345
1782846792510717000,0.400717041015625,-6.342581558537483,-3.1629855999991294,0.8458684946976601
1782846792520722000,0.410721923828125,-8.4588296161443,-3.378840473771095,1.1519050861109048
1782846792530725600,0.4207255859375,-10.649078144985436,-3.1340561503738162,1.8830550955429672
1782846792540730600,0.430730712890625,-13.121459607887267,-2.320392765971273,3.1661864418670533
1782846792550735600,0.440735595703125,-15.57065542551279,-1.4038666807264089,4.429051537492871
1782846792560739800,0.45073974609375,-17.306499559921026,-1.2440293161220848,4.615785238459706
1782846792570744800,0.460744873046875,-18.31316198929548,-1.6903814831331372,3.6846488824516532
1782846792580749800,0.470749755859375,-18.432612544584273,-2.4654788439065216,2.347503037345409
1782846792590753800,0.48075390625,-17.447978407144547,-3.28001389657706,1.1968801730647682
1782846792600758800,0.4907587890625,-15.826242297953366,-3.8789915971174835,0.7549268985997885
1782846792610763800,0.500763671875,-13.809654638016223,-4.5484936172142625,0.46080512832067905
1782846792620767700,0.510767822265625,-11.602857709956169,-5.045936650645732,-0.28825039402768016
1782846792630772700,0.520772705078125,-9.450836328178644,-5.0039691480100155,-1.1006558873236179
1782846792640777000,0.53077685546875,-8.04617586672604,-4.491126593133807,-1.3549953900516032
1782846792650782000,0.540781982421875,-7.391386262592673,-3.4131872722700236,-0.8361500876292586
1782846792660787000,0.550786865234375,-6.54939709354639,-1.9149898644641041,-0.06628332098573446
1782846792670791000,0.560791015625,-5.022529471573233,-0.24169103355705737,0.9248862095721065
1782846792680796000,0.5707958984375,-3.1737726592123505,1.213557459360361,1.7893666118897498
1782846792690801000,0.58080078125,-1.3256640816271303,1.9216727032288907,2.1956112249180673
1782846792700804600,0.5908046875,0.9788122994184494,2.0524960086643693,2.2592472462654114
1782846792710809600,0.6008095703125,3.8191315871775147,1.9161349428460002,2.0541120655588805
1782846792720814600,0.610814697265625,6.618898499795794,1.8292174146324396,1.686360849314928
1782846792730818800,0.62081884765625,8.93567088331282,2.097508870345354,1.0337721162267028
1782846792740823800,0.63082373046875,10.24768579429388,2.3663299028903246,-0.02690956117026508
1782846792750827800,0.640827880859375,10.641113449716567,2.55004162568748,-1.238838469480723
1782846792760832800,0.650832763671875,10.739271041607855,3.037845600897074,-2.1232119052700695
1782846792770837800,0.660837646484375,10.310507868909836,3.6356621487036347,-2.93497851614058
1782846792780841700,0.670841796875,9.738404731291531,4.393751676052808,-3.362906407058239
1782846792790846700,0.6808466796875,9.66981342562437,5.083662862449884,-3.3848610492348667
1782846792800851700,0.690851806640625,10.1872964997828,5.376410714027285,-3.0810730404660105
1782846792810856000,0.70085595703125,10.653459721070528,5.2839329213380815,-2.687367152623832
1782846792820861400,0.710861328125,11.003002642059325,4.987236624395847,-2.227099857506901
1782846792830866400,0.720866455078125,11.184880135166644,4.595407344080508,-1.8648744189471005
1782846792840870400,0.730870361328125,11.313552107787132,4.318431354391574,-1.5198749866068362
1782846792850875400,0.74087548828125,11.38808332489729,4.114562686489522,-1.1481661187782883
1782846792860880400,0.75088037109375,11.417141077077389,3.894801745189726,-0.7600877154290676
1782846792870884000,0.760884033203125,11.36728603606224,3.6665041539520025,-0.3233805249240249
1782846792880889300,0.770889404296875,11.2364010635674,3.506368537053466,0.067831646406278
1782846792890893300,0.780893310546875,11.07845272758007,3.461691775459051,0.4457018133435398
1782846792900898300,0.790898193359375,10.911150872313975,3.38493908290714,0.7163258767224848
1782846792910903300,0.8009033203125,10.813336979293823,3.3059026633322235,0.8845259960025549
1782846792920907300,0.8109072265625,10.617725559866427,3.2524314776465295,0.9645966539960354
1782846792930912300,0.820912353515625,10.34915879434347,3.2221549973264336,0.9031784548286348
1782846792940917200,0.830917236328125,10.006144982862471,3.242464502644539,0.6920039939578622
1782846792950921200,0.840921142578125,9.503327562916278,3.148948306818306,0.3955580915801227
1782846792960926200,0.85092626953125,8.797164329898356,2.943169421380758,-0.03425912021547556
1782846792970931200,0.86093115234375,7.9165330032467836,2.712302271915972,-0.5954804330091923
1782846792980935400,0.870935302734375,6.998624962124228,2.4664339526742696,-0.9342736311204731
1782846792990940400,0.8809404296875,5.455337535747885,2.0012346079826355,-1.3539913275755942
1782846793000944400,0.8909443359375,3.2475393216907977,1.0512158568501473,-1.7838710832133888
1782846793010949400,0.900949462890625,1.1879741052925585,-0.1018351113602519,-1.8193156138211488
1782846793020954400,0.910954345703125,-1.0626923596322535,-1.4157102632552385,-1.4169871513232588
1782846793030958300,0.920958251953125,-3.086711630874872,-2.992360445529222,-1.2198121358409524
1782846793040963300,0.93096337890625,-4.681520570173859,-4.21278720613718,-0.9411777114205062
1782846793050968300,0.94096826171875,-6.289941855239868,-4.585723862195015,0.21752748315930365
1782846793060972300,0.95097216796875,-8.185767877289653,-3.328979879797995,2.1707349962063134
1782846793070977300,0.960977294921875,-10.51277582361698,-1.6337421888053416,3.420132269102335
1782846793080982300,0.970982177734375,-13.823938014912605,-1.9303812026023863,3.4766482293114063
1782846793090986200,0.980986328125,-16.934215230292082,-3.0123329739779234,2.6064777986586094
1782846793100991200,0.9909912109375,-17.952140227437017,-3.7060306931763884,1.5910484177216886
1782846793110996200,1.000996337890625,-17.526552177643776,-3.7126463119238613,1.2702414696127176
1782846793121000200,1.011000244140625,-16.574602166187763,-3.4658033024311066,1.5116922646731137
1782846793131005200,1.021005126953125,-15.186425806546211,-3.0666227825701236,2.1761270645081994
1782846793141009400,1.031009521484375,-13.539109850418567,-2.8487323113173244,2.5587571393236517
1782846793151014400,1.041014404296875,-11.805770976829528,-2.7134040956780314,2.4819682064145803
1782846793161019400,1.051019287109375,-9.738455584695934,-2.9077395038202405,1.9356487677417695
1782846793171023400,1.0610234375,-7.385148829507827,-3.3260470412164924,1.2671581166446209
1782846793181028400,1.0710283203125,-4.847102177518606,-3.548625378024578,0.8738312181826681
1782846793191033300,1.081033447265625,-2.4880577554613352,-3.168702516341209,0.8275983131874353
1782846793201037300,1.091037353515625,-1.0329039550900458,-2.370321895135939,0.8483052933905273
1782846793211042300,1.101042236328125,-0.5471604195415973,-1.6151945785932242,0.6090015933614223
1782846793221047300,1.11104736328125,-0.3598609013855457,-0.7791543810792266,0.3039220834773034
1782846793231051300,1.12105126953125,0.08153612743616104,0.21001316200643777,0.06098930623084307
1782846793241056300,1.13105615234375,0.556394696354866,0.8457461834922433,-0.28275245419852435
1782846793251060200,1.141060302734375,1.0937614516347647,1.4050254953727126,-0.6296492445927113
1782846793261065200,1.151065185546875,1.8436708873987198,1.9503933324091136,-0.9463629320386797
1782846793271070200,1.1610703125,2.8883810156166554,2.252498648788035,-1.2296690745972096
1782846793281074200,1.17107421875,4.078159539982677,2.34789773575142,-1.4587696527808904
1782846793291079200,1.1810791015625,5.21056665635407,2.3494399967573583,-1.616415790951252
1782846793301084200,1.191084228515625,6.149097214266657,2.2733722177296873,-1.8496312571078537
1782846793311088400,1.20108837890625,6.7566872603297226,2.181954163226485,-2.042341402135789
1782846793321093400,1.21109326171875,7.164170329111814,2.046844997165352,-2.1035750385165213
1782846793331098400,1.221098388671875,7.4121841359496115,1.89434732779935,-2.007993726854026
1782846793341102300,1.231102294921875,7.456686710020899,1.7663915406242012,-1.8295695890709758
1782846793351107300,1.241107421875,7.28635352423489,1.790875701278448,-1.6942098092496394
1782846793361111300,1.251111328125,7.096176404815912,1.9596799239315092,-1.4498568630069493
1782846793371116300,1.2611162109375,6.954278455397486,1.9589329049564896,-1.2098879770673812
1782846793381121300,1.271121337890625,6.73970339230299,1.8691694857925176,-0.8166825860932468
1782846793391125200,1.281125244140625,6.370837346684932,1.82767807623595,-0.24763021434769034
1782846793401130200,1.291130126953125,5.87434094645381,1.8179153916344046,0.0336646614536643
1782846793411135200,1.30113525390625,5.285305378735065,1.9004656645491718,0.1712638907648623
1782846793421139200,1.31113916015625,4.624540207323432,1.9582535443902014,0.17973456279449163
1782846793431144200,1.321144287109375,4.073995990562438,2.079944572082162,0.05096848214976489
1782846793441149200,1.331149169921875,3.46547947730422,2.223087699256092,0.23873386425189672
1782846793451153200,1.341153076171875,2.8984125802874563,2.181322002802789,0.5101088190633803
1782846793461158400,1.351158447265625,2.357868948537111,2.1304306044772265,0.9317566067982465
1782846793471163400,1.361163330078125,1.9261048404574392,1.9697019901216029,1.3955936501607298
1782846793481167400,1.37116748046875,1.521208865559101,1.668088548912853,1.6784740415878594
1782846793491172400,1.38117236328125,1.03323187187016,1.1666517696700989,1.6996302268631756
1782846793501177300,1.39117724609375,0.26861294275224207,0.5008708159230649,1.3141701893188058
1782846793511181300,1.401181396484375,-0.7655798831045627,-0.25887130093872546,0.688479253897816
1782846793521186300,1.411186279296875,-2.0947329758912323,-1.1035394799359142,-0.11645696296337991
1782846793531190300,1.421190185546875,-4.157808830758929,-1.893665629145503,-0.9668345691159367
1782846793541195500,1.431195556640625,-7.256196870902181,-2.2954103004060684,-1.4466364396557212
1782846793551200500,1.441200439453125,-10.409377408462761,-2.4184902982383965,-1.103989561790973
1782846793561204200,1.451204345703125,-12.537435730850696,-2.6633538243517276,-0.16297632021717726
1782846793571209200,1.461209228515625,-13.991376648300886,-2.8332775525540113,1.2899870574377477
1782846793581214200,1.471214111328125,-15.103227298855781,-3.1191774379327892,2.6851108981296417
1782846793591218200,1.48121826171875,-16.256124245548246,-4.245767976979911,3.427248530848324
1782846793601223200,1.49122314453125,-17.160436892038582,-5.125083252596855,3.5879455810219048
1782846793611228200,1.501228271484375,-17.536469176024198,-5.001076933699846,3.3045231916725633
1782846793621232400,1.511232421875,-17.303381720161436,-4.67383527636826,2.359542142446339
1782846793631237400,1.5212373046875,-16.416430542838572,-4.31612833814621,1.0438780613079666
1782846793641241300,1.531241455078125,-15.377933882308005,-3.837355810654163,-0.3905044614523649
1782846793651246300,1.541246337890625,-13.922843794822692,-3.4855998897910117,-1.776148526137322
1782846793661251300,1.551251220703125,-12.251377732300758,-3.1584985177129505,-2.5781214727461337
1782846793671255300,1.56125537109375,-10.423528683412075,-2.538073832257092,-2.3912998012349007
1782846793681260300,1.57126025390625,-8.25345434307158,-1.3851792236521838,-1.34466016625911
1782846793691265300,1.581265380859375,-6.508985003659129,0.11807020684629678,-0.09092314712572842
1782846793701269500,1.59126953125,-5.0472044786244625,1.4066653715342283,0.6528107783410698
1782846793711274500,1.6012744140625,-2.892271593314409,2.3548893482044337,0.994687913942337
1782846793721279500,1.611279541015625,-0.3945253875315189,2.6483970782384274,1.040198934403807
1782846793731283200,1.621283203125,2.23258018861413,2.325642503193021,1.0434159967541694
1782846793741288200,1.6312880859375,4.928839380484819,1.873070292623341,1.1581021871853618
1782846793751292200,1.641292236328125,7.404581259730458,1.7738143841013312,1.2312222953885792
1782846793761297200,1.651297119140625,9.359021383312344,2.0608806829109785,1.0798671471212058
1782846793771302100,1.66130224609375,10.679802953594923,2.534641811981797,0.7362892720166594
1782846793781306400,1.671306396484375,11.472738461136817,2.9403333211719986,0.24001871643066405
1782846793791311400,1.681311279296875,11.865212176835536,3.203542943575978,-0.3061548840306699
1782846793801316400,1.69131640625,11.635516116976737,3.5922970542296766,-0.794261203187704
1782846793811320300,1.7013203125,11.158029537642001,4.208584493750333,-1.1244789537206292
1782846793821324800,1.71132470703125,10.920844583332538,4.564410440531373,-1.249005497099459
1782846793831329800,1.721329833984375,11.052153918719291,4.554427975699305,-1.1358243774689734
1782846793841333800,1.731333740234375,11.452041710066794,4.252152125059068,-1.0078688825547695
1782846793851338800,1.7413388671875,11.903339370656013,3.7647798192650077,-0.872524957889691
1782846793861343700,1.75134375,12.276652458810805,3.361781202420592,-0.6082166535288095
1782846793871348000,1.761347900390625,12.430392237192391,3.046208063311875,-0.24379059965219346
1782846793881353000,1.77135302734375,12.524465190118551,2.799769250705838,-0.006622304216586053
1782846793891356700,1.781356689453125,12.40555356401205,2.61553116594702,0.04818093379046768
1782846793901361700,1.791361572265625,12.01530103149414,2.6015198839902878,-0.009662987086735665
1782846793911366700,1.80136669921875,11.51337325386405,2.660323078353703,-0.12331344126202165
1782846793921370600,1.81137060546875,10.910357091587782,2.6917545739278195,-0.2507436336604878
1782846793931375600,1.821375732421875,10.350676213169097,2.7509292319521306,-0.19691782585084436
1782846793941380900,1.831380859375,9.980400300753116,2.785397026482224,-0.04923500942066312
1782846793951384800,1.841384765625,9.532260811933874,2.882623767264187,0.1594385014798492
1782846793961389800,1.851389892578125,9.050938015437126,2.910593431946635,0.30906605876963583
1782846793971394800,1.861394775390625,8.58383839008212,2.975897094245255,0.45072680189870296
1782846793981398800,1.871398681640625,8.02530609717667,3.0925495432481167,0.43710207157414405
1782846793991403800,1.88140380859375,7.366203890541195,2.977495177091658,0.22654705777596681
1782846794001408800,1.89140869140625,6.36992724610269,2.7014491617292165,-0.16580562535896895
1782846794011412700,1.901412841796875,5.0153573879867785,2.1524717558935285,-0.6357507763382048
1782846794021418000,1.91141796875,3.4951159061551094,1.3703198004335164,-1.0376816178206354
1782846794031422000,1.921421875,1.48851714079082,0.5810887003675103,-1.237126404865831
1782846794041427000,1.931427001953125,-0.9918073900699614,-0.3231985194206238,-0.9970229327611625
1782846794051432000,1.941431884765625,-3.049369449952245,-1.2226073195174336,-0.2969345626775175
1782846794061435600,1.951435546875,-4.814239772358537,-2.080179549881816,0.11327880785129964
1782846794071440600,1.961440673828125,-6.626574441251158,-3.090327483284473,0.7594360465873032
1782846794081445600,1.971445556640625,-7.774132949525117,-4.159485531799495,1.7376900545358658
1782846794091449900,1.981449951171875,-8.165446973794698,-3.4556183007642627,2.946653464104235
1782846794101454800,1.991454833984375,-10.049169301074743,-3.7376942439407106,2.553832834663987
1782846794111459800,2.0014599609375,-13.208321898782252,-6.158703247001767,1.3484173268355428
1782846794121463800,2.0114638671875,-15.568274083334206,-6.285337576314807,1.1454626319732517
1782846794131468800,2.02146875,-17.015225288027523,-3.6076427996605633,1.8882995720677076
1782846794141472800,2.03147265625,-18.534570697802305,-0.6939176455594599,2.9410125356078147
1782846794151477800,2.041477783203125,-18.851411957150695,1.446427473080158,3.8087311891943214
1782846794161482800,2.051482666015625,-17.0890468955636,2.630304079926014,4.037704195475578
1782846794171487000,2.061487060546875,-14.289647647213934,1.779997164389491,2.89604614341706
1782846794181492000,2.071491943359375,-10.68125958214402,-0.9686204296194016,1.232082711610198
1782846794191497000,2.0814970703125,-6.039482993337511,-4.384643655967712,0.27476788518540557
1782846794201501000,2.0915009765625,-0.9404641563236713,-6.056876611208915,0.16229308719336985
1782846794211506000,2.101505859375,2.5081115324527024,-5.587158912310004,0.04040149542801082
1782846794221511000,2.111510986328125,2.911636218997836,-4.615546169006824,-0.7842090341202914
1782846794231514600,2.1215146484375,1.1945131516724825,-3.4574016770496963,-2.018981423205882
1782846794241519600,2.13151953125,-0.5613643014609814,-1.8582365883678196,-2.5726702216029165
1782846794251524600,2.141524658203125,-1.9232722473800181,-0.4826553602747619,-2.715389132015407
1782846794261528800,2.15152880859375,-2.7530612755447623,0.6356032576262951,-2.38355225584805
1782846794271533800,2.161533935546875,-2.7182769624114034,1.71750242203176,-1.529386619056761
1782846794281537800,2.171537841796875,-2.0359166297852993,2.527957804173231,-0.6054479194678366
1782846794291542800,2.181542724609375,-1.049011624804139,2.9556659148603677,0.09519231234490871
1782846794301547800,2.1915478515625,0.30540333501100536,3.018808307471871,0.2670658594407141
1782846794311551700,2.2015517578125,1.8694173230737448,2.9694278982311486,-0.018720920952409504
1782846794321556700,2.211556640625,3.3107804985016585,2.768278426159918,-0.35242965540625154
1782846794331561700,2.221561767578125,4.806414777821302,2.399045300795138,-0.7040127039205283
1782846794341566000,2.23156591796875,6.218584007468819,2.040733236286789,-0.9605329116884619
1782846794351571000,2.241571044921875,7.332781513410806,1.8056702425673603,-1.111175016315654
1782846794361576000,2.251575927734375,8.099037103819846,1.7309031708747147,-1.1499682728294283
1782846794371580000,2.261579833984375,8.550552206552029,1.7281820753477513,-1.0671039655294268
1782846794381585000,2.2715849609375,8.784294326931237,1.7899666236095129,-0.8827092289041727
1782846794391590000,2.28158984375,8.835414273315667,1.8676830466270447,-0.6925541021212935
1782846794401593600,2.291593505859375,8.664879427477716,1.861097676887363,-0.5315508355427533
1782846794411598600,2.3015986328125,8.326345391759276,1.745810671018809,-0.4039218691691756
1782846794421602800,2.311602783203125,7.878063864120841,1.707899604167044,-0.33718006382621823
1782846794431607800,2.32160791015625,7.450969501417875,1.8909784358881412,-0.2721217545907944
1782846794441612800,2.33161279296875,6.939753086438775,1.9023009171523153,-0.10008300699591637
1782846794451616800,2.34161669921875,6.491105648097395,1.8238837985195218,-0.09251352158971131
1782846794461621800,2.351621826171875,6.016067630958557,1.5877026144251227,0.12374715650416909
1782846794471626800,2.361626708984375,5.453041533765196,1.406511057755351,0.3327061332825571
1782846794481630700,2.371630615234375,4.680788748767972,1.359012370608002,0.40795127081573007
1782846794491635700,2.3816357421875,3.574771042150259,1.3320413615740836,0.23304551641717552
1782846794501640700,2.391640625,2.3011820156753062,1.1881823412157595,-0.14574790284484623
1782846794511645000,2.40164501953125,1.1333014348626136,0.9199239109896122,-0.6607052579179405
1782846794521650000,2.41164990234375,0.024050153151154517,0.5137755979426205,-1.3337582484945654
1782846794531654000,2.42165380859375,-1.0211106414437294,0.06016849136725068,-1.780088349804282
1782846794541659000,2.431658935546875,-2.1021721859812734,-0.2451828211955726,-1.7498244367048144
1782846794551663900,2.441663818359375,-3.2788007213950157,-0.44173722056150433,-1.3466115925878286
1782846794561667600,2.45166748046875,-4.551487246072292,-0.6256967806398869,-0.8758895389519631
1782846794571672800,2.4616728515625,-6.134294781932234,-0.931909970729053,-0.46967999723702664
1782846794581677800,2.471677734375,-8.2436992572546,-1.3786933687642215,-0.13123751225955785
1782846794591681800,2.481681884765625,-10.920699621903896,-1.7385963557258248,0.20151107192523776
1782846794601686800,2.491686767578125,-13.536025912928581,-1.7780990756832062,0.5436701662730425
1782846794611691800,2.50169189453125,-15.572497838509081,-1.8077064245700836,0.9981656730554997
1782846794621695700,2.51169580078125,-16.742154196822643,-2.4399926666028797,1.5823776200100779
1782846794631700700,2.52170068359375,-16.924009478098153,-3.5844393264666197,2.1589932666167617
1782846794641705700,2.531705810546875,-16.42091382573247,-4.771389349408447,2.704941387759149
1782846794651709700,2.541709716796875,-15.782091021537779,-5.462879037168622,3.053937488520145
1782846794661714700,2.551714599609375,-15.579730712372063,-5.5138446697741745,3.1435952553525564
1782846794671719000,2.561718994140625,-15.733201610684393,-5.009899707102775,3.0200837342351674
1782846794681724000,2.571723876953125,-15.934427947384117,-3.9870384225994346,3.0944986314892766
1782846794691729000,2.58172900390625,-15.730487091028689,-2.560011523298919,3.3192978592172264
1782846794701732900,2.59173291015625,-14.740089567756652,-1.0801838118549436,3.403165644471347
1782846794711737900,2.60173779296875,-12.92175069001317,0.2134334918439388,3.3122368347898123
1782846794721742800,2.611742919921875,-10.13313820861578,1.0888011988788842,2.9160139956906437
1782846794731746800,2.621746826171875,-6.761608350118994,1.455269827966392,2.3680106955841183
1782846794741751800,2.631751708984375,-2.9687884312838313,1.4361843114852904,1.9420881531395018
1782846794751756800,2.6417568359375,0.752196085396409,1.2420711677916347,1.7012760943740606
1782846794761760800,2.6517607421875,3.9338258878499266,1.204548661866039,1.4048445858478544
1782846794771765800,2.661765869140625,6.452428419178724,1.3085650627881287,1.00557616850771
1782846794781769700,2.671769775390625,8.359805178290605,1.5012766691207884,0.23032259425930676
1782846794791774700,2.681774658203125,9.688230541324614,1.801061433597654,-0.6528855240777135
1782846794801779700,2.69177978515625,10.698078614997863,2.078378491809219,-1.532593744534999
1782846794811783700,2.70178369140625,11.351548368704318,2.398318009433895,-2.402700316171348
1782846794821789400,2.71178955078125,11.558567317330837,2.944385226911306,-3.2795652760267258
1782846794831794400,2.72179443359375,11.712316448062658,3.418324927419424,-3.8616336350813505
1782846794841798700,2.731798583984375,11.79618247975111,3.722221364998817,-4.1689129930973055
1782846794851803600,2.7418037109375,11.94855330786705,3.9676258661210535,-4.22192503683865
1782846794861808600,2.75180859375,12.076245621800423,3.9483775602936744,-4.234302287852764
1782846794871812600,2.7618125,12.255153743708133,3.855176129505038,-4.059007095745206
1782846794881817600,2.771817626953125,12.380150242686272,3.727766139644384,-3.7565664099320766
1782846794891822600,2.781822509765625,12.492948938870429,3.518503211483359,-3.2725179878637194
1782846794901826600,2.79182666015625,12.565872720783949,3.3604712888658046,-2.506236386230588
1782846794911831600,2.80183154296875,12.597877632331848,3.1814021311774847,-1.483364288072288
1782846794921835800,2.811835693359375,12.470414450979233,3.1079657235667106,-0.30828725641686466
1782846794931840800,2.8218408203125,12.152796946561336,3.037933863702416,0.5586535811975598
1782846794941845800,2.831845703125,11.753928561389445,3.078228464689851,1.025012909579277
1782846794951849700,2.841849609375,11.41712003428936,3.14736571380198,1.0733753739491105
1782846794961854700,2.851854736328125,10.9984246666193,2.9019515680685637,0.7714315317422151
1782846794971859700,2.861859619140625,10.376714325267075,2.626894563743472,0.3852699217997491
1782846794981863400,2.871863525390625,9.71287807584703,2.5730209347367285,0.24834749577157197
1782846794991868400,2.881868408203125,8.881298657134176,2.6657582551449535,0.2225890043325722
1782846795001873400,2.891873291015625,7.778821984124183,2.6605548412829636,0.1556558046033606
1782846795011877600,2.901877685546875,6.532859215721488,2.424550621190667,0.28071703938078135
1782846795021882600,2.911882568359375,5.425327597409487,1.9588897964671252,0.6631106385592371
1782846795031886600,2.921886474609375,4.464736598858237,1.3992350754030047,1.2250642111502588
1782846795041891600,2.9318916015625,3.1131068858474493,1.017304527159035,1.9033194465450942
1782846795051896600,2.941896484375,1.2551608048588037,0.5245591500245035,2.23092014644742
1782846795061900500,2.951900634765625,-0.9350409622311592,-0.31309651986211534,1.976400903238356
1782846795071905500,2.961905517578125,-3.2162077793598174,-1.1391524989783763,1.4812756452299654
1782846795081910500,2.97191064453125,-5.222808298289776,-1.6710161267973482,0.9744109957195818
1782846795091914800,2.981914794921875,-6.426610671833157,-1.9981958248086273,0.979932974011451
1782846795101919700,2.991919677734375,-7.012359472966193,-2.325869736077636,1.8315807827629147
1782846795111924700,3.0019248046875,-7.985178084927797,-2.538893624207377,2.6961078007012604
1782846795121928700,3.0119287109375,-9.816824188011884,-3.828922328829765,2.4592682988286017
1782846795131933700,3.02193359375,-11.954455809909105,-5.92762362383008,1.36312828149423
1782846795141937400,3.0319375,-14.036625656825302,-6.169572431540489,0.6910624753240495
1782846795151942400,3.0419423828125,-16.298761610269544,-4.169994943115115,1.062823877057433
1782846795161947400,3.051947509765625,-17.738880923116206,-1.4604605284772811,2.2086568767130372
1782846795171951600,3.06195166015625,-17.015256852209568,1.2056738665036857,3.254948136642575
1782846795181956600,3.07195654296875,-15.093747522848844,2.752650356656313,3.199505358622968
1782846795191961600,3.081961669921875,-12.76396952728629,2.2782789867326616,1.827623715700209
1782846795201965600,3.091965576171875,-9.832631997996568,0.29541970113515853,0.0023155104007571933
1782846795211970600,3.101970458984375,-6.227827052110433,-2.7195374838665125,-1.178852129747346
1782846795221975600,3.1119755859375,-1.8908365431994199,-5.341233017662168,-1.2196974964853375
1782846795231979500,3.1219794921875,1.7190496514737605,-6.030524026334286,-0.39478739946857094
1782846795241984500,3.131984619140625,3.0225702903538942,-5.330679474943876,0.2620829564616084
1782846795251989500,3.141989501953125,2.318010400879383,-3.947876040512323,0.40107342093549664
1782846795261993700,3.15199365234375,0.9102689245462418,-2.3045424320191144,-0.01689969687461853
1782846795271998700,3.161998779296875,0.034652795708179474,-0.9239606191597879,-0.23817703408673405
1782846795282002700,3.172002685546875,-0.25062720420658585,0.292702405000478,-0.08729549468047916
1782846795292007700,3.182007568359375,-0.8240349946826696,1.4378715339198707,0.07218121991790831
1782846795302012700,3.1920126953125,-0.9690554600358009,2.2802800974220037,0.11783771326467395
1782846795312016400,3.202016357421875,-0.17677169440090656,2.7549539574235675,0.08857135983519256
1782846795322021400,3.212021484375,1.0814105041056872,2.8968723651081323,-0.022208251611515878
1782846795332026400,3.2220263671875,2.355850009930134,2.7052409552276133,-0.2947716124899685
1782846795342030600,3.232030517578125,3.403773839497566,2.4803353445157406,-0.560766700894013
1782846795352035600,3.24203564453125,4.46857340054214,2.2550274366132914,-0.8123607773713767
1782846795362040600,3.25204052734375,5.431577889975905,1.874580989447236,-0.9957432682141661
1782846795372044500,3.26204443359375,6.274300049471854,1.5838421396046876,-1.1886987663052975
1782846795382049500,3.272049560546875,6.8907432640761135,1.481673704636842,-1.2428237397246062
1782846795392054500,3.282054443359375,7.278772275325656,1.3776092267893254,-1.2276631416022776
1782846795402058500,3.29205859375,7.474025967356562,1.3765287380762397,-1.1358406710166484
1782846795412063500,3.3020634765625,7.420311328303813,1.311506815328449,-1.1260046289179473
1782846795422067700,3.312067626953125,7.201189269429445,1.251454351556301,-1.0438203397713601
1782846795432072700,3.32207275390625,6.859889860650896,1.3134146947763858,-0.7970076523516326
1782846795442077700,3.33207763671875,6.5434700415849685,1.4438744275964797,-0.3252589956143871
1782846795452081700,3.34208154296875,6.2073711240589615,1.4345778992019593,0.026673414326831697
1782846795462086700,3.352086669921875,5.894820839902758,1.4253386539526283,0.21442969980705529
1782846795472091600,3.362091552734375,5.372593786087632,1.6085577709272503,0.39190819077044725
1782846795482095400,3.372095458984375,4.496032485353947,1.8252653160057961,0.4740230314100161
1782846795492100400,3.382100341796875,3.7493203843265768,1.9085444877170026,0.3481513204999268
1782846795502105600,3.392105712890625,3.247224848914146,1.890546181950718,0.06091214934140443
1782846795512109600,3.402109619140625,2.699323840138316,1.8145877085164188,-0.37393560396730896
1782846795522114600,3.412114501953125,2.1690964352190494,1.5564261632822454,-0.7735114067561925
1782846795532119600,3.42211962890625,1.5525748946815727,1.169952564781159,-1.184803074041009
1782846795542123500,3.43212353515625,0.5771674352705478,0.7796428952485323,-1.5068603144720196
1782846795552128500,3.44212841796875,-0.5942050793111324,0.29771862572729585,-1.5800548761509359
1782846795562132500,3.452132568359375,-1.832030718487501,-0.18871391499862072,-1.3607356872692704
1782846795572137500,3.462137451171875,-3.119718412941694,-0.6281706234075128,-0.8075512581977993
1782846795582142500,3.472142578125,-4.44915909049809,-1.2446226058401166,-0.35595662395600225
1782846795592146700,3.482146728515625,-5.903092993685603,-1.8591773763492703,-0.10536755980271846
1782846795602151700,3.492151611328125,-7.7802523091882465,-2.1033369919769465,0.25244488462042064
1782846795612156700,3.50215673828125,-9.976692093884944,-2.010368347030878,0.7465493847463279
1782846795622160600,3.51216064453125,-12.023084524977206,-2.0268591708436605,1.2152857444576919
1782846795632165600,3.52216552734375,-13.722373829448223,-2.385317658085376,1.6947097215957938
1782846795642170600,3.532170654296875,-15.12540172126293,-2.8876474406450985,2.0615838627442717
1782846795652174600,3.542174560546875,-15.882313144743442,-3.4299230107545853,2.106741247462481
1782846795662179600,3.5521796875,-16.17454252540469,-3.936964478136599,1.6769152678385375
1782846795672183600,3.56218359375,-16.466503025996683,-4.023958286456764,0.9975150271270423
1782846795682188500,3.5721884765625,-16.831817516613004,-3.452323643133044,0.24833595146425066
1782846795692193500,3.582193603515625,-17.189792750382423,-2.4535993132814764,-0.3640092167040333
1782846795702197500,3.592197509765625,-17.023933495140074,-1.2787372030183672,-0.6742312405757606
1782846795712202500,3.602202392578125,-15.87424206649065,-0.07557458868324757,-0.6107347007643431
1782846795722207500,3.61220751953125,-13.945146812045573,0.9460257359735668,-0.28065723548494276
1782846795732211700,3.622211669921875,-11.391322745209932,1.5450947680592535,0.08839026764724403
1782846795742216700,3.632216796875,-8.326794889092445,1.9269146955356,0.4609842112146318
1782846795752221700,3.6422216796875,-4.796739771503209,1.976783180554211,0.7120647121466696
1782846795762225700,3.6522255859375,-1.2917939607292412,1.7800461180977523,0.9318564139109105
1782846795772230700,3.662230712890625,1.7448580464690924,1.3882315969601273,1.0549326854161918
1782846795782235600,3.672235595703125,4.2780315394639965,0.862079332525283,1.040578142979741
1782846795792239600,3.682239501953125,6.393355467963218,0.433197940275073,0.8297145016238093
1782846795802244600,3.69224462890625,8.17267984765768,0.2515741296678781,0.5487734807614236
1782846795812248800,3.702248779296875,9.518400044363737,0.5247729389056563,0.21020641955621538
1782846795822252800,3.712252685546875,10.258114833849667,0.9769989663861691,-0.11673698548115789
1782846795832257800,3.7222578125,10.492834274828434,1.4775363125711678,-0.2751980202309787
1782846795842261800,3.73226171875,10.477377177977562,2.187986867519468,-0.27913442809814587
1782846795852266800,3.742266845703125,10.255404990369081,2.9245389551907777,-0.3450467420807108
1782846795862271700,3.752271728515625,10.128521654731035,3.503440082386136,-0.33041056969128546
1782846795872275700,3.762275634765625,10.321661715608835,3.7966590586066244,-0.15496979510057718
1782846795882280700,3.77228076171875,10.684461593055724,3.722930097790062,-0.042816064022760836
1782846795892285700,3.78228564453125,11.159288597792386,3.504351936534047,0.20997704951344057
1782846795902289700,3.79228955078125,11.63937279240489,3.239880623631179,0.40253352008331567
1782846795912294700,3.802294677734375,12.117932553929089,2.8697844516962765,0.6002263488946482
1782846795922299600,3.812299560546875,12.532388968855141,2.5038667344897982,0.7973881761018187
1782846795932303600,3.8223037109375,12.840767520284652,2.264574578768015,0.9304370486322789
1782846795942308600,3.83230859375,12.888649215400218,2.1343232280015942,1.0145002833932637
1782846795952312800,3.842312744140625,12.631336834341287,2.148612157855928,1.0103697594597936
1782846795962317800,3.85231787109375,12.156684017127752,2.3033485460594294,0.8916815668456256
1782846795972322800,3.86232275390625,11.474195089685916,2.579150523532927,0.7491697233125567
1782846795982326800,3.872326904296875,10.759235971271991,2.74578251671344,0.4993430218338966
1782846795992331800,3.882331787109375,10.129316604501009,3.0041183956012127,0.37630773992612954
1782846796002336800,3.892336669921875,9.61696095635891,3.2282652969002723,0.19776607671063393
1782846796012340700,3.9023408203125,8.838762414699792,3.235011848551035,-0.09055489833522587
1782846796022345700,3.912345703125,7.664699345859884,3.228456143297255,-0.43223859372362494
1782846796032350700,3.922350830078125,6.064236326321959,2.9817358834013343,-0.7736108485426754
1782846796042355000,3.93235498046875,4.186746171429753,2.4913185108229516,-0.9135223733842373
1782846796052360000,3.94235986328125,2.001117703604698,1.8990873619332909,-0.7924434862412512
1782846796062365000,3.952364990234375,-0.25444120953679084,1.2881918445840477,-0.33773156022913753
1782846796072368600,3.96236865234375,-2.3111288246721027,0.6345169236943126,0.48800044762976463
1782846796082373600,3.97237353515625,-3.951252238947153,-0.5337155392959714,1.333274264369905
1782846796092377600,3.982377685546875,-5.213859268158674,-2.0897288839936254,1.940791391327232
1782846796102382600,3.992382568359375,-5.669638458076119,-3.2278412262693044,2.438324002738297
1782846796112387600,4.0023876953125,-5.367714781874418,-4.039364237642288,2.468924015924334
1782846796122391800,4.012391845703125,-5.272268202507496,-5.1433670973062515,1.9139030921407043
1782846796132396800,4.022396728515625,-5.872828203803301,-6.875573751994967,0.42151181333027776
1782846796142401800,4.03240185546875,-7.610760250401497,-8.89176744417846,-0.9137315591555089
1782846796152405800,4.04240576171875,-10.83352168918848,-8.8334911962986,-1.0665786995463074
1782846796162410800,4.05241064453125,-13.64777714588642,-6.287290463948249,0.20519838213585315
1782846796172415700,4.062415771484375,-14.797562098038195,-2.7870941857889293,2.098484437379241
1782846796182419700,4.072419677734375,-15.392140102314949,0.5246250548675656,3.5039456938207145
1782846796192424700,4.0824248046875,-15.39452261353731,2.382873041412234,3.422403428904712
1782846796202429700,4.0924296875,-14.631133518475293,2.453927522322535,1.8890967137947678
1782846796212434000,4.102433837890625,-12.341812620985507,1.0519447556465864,0.11954751285724341
1782846796222439000,4.11243896484375,-8.433903849202395,-1.4506564889520406,-0.9284777312580496
1782846796232444000,4.12244384765625,-4.158037378817797,-4.413803699478507,-0.8557486681990325
1782846796242447600,4.132447509765625,-0.24114684367775915,-6.197686180868745,0.0649368017476052
1782846796252452600,4.14245263671875,2.3771599244624375,-5.133870954686403,0.9165950588278472
1782846796262456600,4.15245654296875,2.9508371795296666,-2.753341846051812,0.8780300581119954
1782846796272461600,4.162461669921875,1.6681483162760733,-1.3090199669487774,0.06283073284644633
1782846796282466600,4.172466552734375,0.4934878660649061,-0.29558935861364005,-0.3558669729111716
1782846796292470800,4.182470703125,0.671758274590969,0.7982371210813521,-0.25751078970786184
1782846796302475800,4.192475830078125,1.1871774019569157,1.6550659857325254,-0.1617122185654938
1782846796312480800,4.202480712890625,1.7787229066699741,2.2161289661593733,-0.08621811123993248
1782846796322484700,4.212484619140625,2.613586169359088,2.4546675270348786,-0.26970636401213705
1782846796332489700,4.22248974609375,3.6026235101938244,2.4686510442018506,-0.6225474497634917
1782846796342494700,4.23249462890625,4.589756478711962,2.3772455569192767,-0.8426606385670602
1782846796352498700,4.242498779296875,5.455957713472843,2.1711654965780673,-0.9071403441969305
1782846796362503700,4.252503662109375,6.147796653062104,1.8441142472520469,-1.0657543044861406
1782846796372508700,4.2625087890625,6.640142363354563,1.5784502174332737,-1.1123029243670404
1782846796382513000,4.272512939453125,6.996533542802929,1.2984616019248962,-1.1162881946109235
1782846796392518000,4.282517822265625,7.252544778135419,0.9971952205881476,-1.1747077964842318
1782846796402521600,4.292521484375,7.334483056631684,0.8669245805993676,-1.1536249687060713
1782846796412526600,4.302526611328125,7.0793158709079025,0.872522546736896,-1.2283610607385635
1782846796422531600,4.312531494140625,6.5924027070581905,0.8639449802666902,-1.2952705507986246
1782846796432535600,4.32253564453125,5.960569031098484,0.6942460007309913,-1.35028297457695
1782846796442540500,4.33254052734375,5.217440633776784,0.4445841344252228,-1.2653981212347745
1782846796452545500,4.342545654296875,4.618924121007323,0.2025800893962383,-0.9335522580433636
1782846796462549800,4.3525498046875,3.7880613261312246,0.04696063474789262,-0.6607618104107678
1782846796472554800,4.3625546875,2.8416660261929034,0.1274520754367113,-0.3724914695736021
1782846796482559700,4.372559814453125,2.0582874515473844,0.33363033545538784,-0.02444287879578769
1782846796492563700,4.382563720703125,1.303624099254608,0.7221938919730484,0.20062062589153645
1782846796502568700,4.392568603515625,0.5928939967125654,1.3408091899193824,0.32492855808362364
1782846796512573700,4.40257373046875,0.05567512547075748,2.065631530699879,0.4659890337646007
1782846796522577700,4.41257763671875,-0.34726737727224827,2.7246716318845747,0.5583201114594936
1782846796532582700,4.422582763671875,-0.7054542079657316,3.0986148346364497,0.4286903266575187
1782846796542587000,4.4325869140625,-1.1771873383402824,3.1820085726380345,0.19787483431473374
1782846796552592000,4.442591796875,-1.3726871140867472,2.8589453700348733,-0.15342369816973805
1782846796562596900,4.452596923828125,-1.320478203421831,2.159745400158316,-0.33766426714658737
1782846796572600600,4.4626005859375,-1.237884675887227,1.26834864160344,-0.2789878409679979
1782846796582605600,4.47260546875,-1.371793964639306,0.3196707836858928,-0.15729951668977737
1782846796592610600,4.482610595703125,-1.9408523277342318,-0.845670195646584,-0.19018376835547388
1782846796602614500,4.492614501953125,-2.7673919987142086,-1.9693631135560572,-0.37659123304262754
1782846796612619500,4.50261962890625,-4.26456064799428,-2.549732998129725,-0.470674415101856
1782846796622624500,4.51262451171875,-6.9543521051555865,-2.600502815902233,-0.2515271487209946
1782846796632628700,4.522628662109375,-9.736836459061502,-2.4702748460114,0.42855764018855985
1782846796642633700,4.5326337890625,-11.934305002284049,-2.6200270160615444,1.6540413188599048
1782846796652638700,4.542638671875,-13.05785544298291,-2.992899959233403,3.240033476105332
1782846796662642700,4.552642578125,-13.546776439523697,-3.822271346507966,4.5277495198711755
1782846796672647700,4.562647705078125,-13.643090449374913,-4.689329490359127,5.03551462535262
1782846796682652700,4.572652587890625,-13.017493037456273,-5.17056022465825,4.423175923457742
1782846796692656600,4.58265673828125,-11.984487375557421,-5.038969734242558,2.8722558102458713
1782846796702661600,4.59266162109375,-11.064155322158337,-4.729451365128159,0.8694054376296698
1782846796712666600,4.60266650390625,-10.247617989754676,-4.754112343654036,-0.8754723364531993
1782846796722670800,4.6126708984375,-9.110839818692206,-4.931041274443269,-2.181925083262473
1782846796732675800,4.62267578125,-8.040303175300359,-4.427923410245776,-2.6241239299863577
1782846796742679600,4.632679443359375,-7.161854453384876,-3.362167571389675,-2.305545179320872
1782846796752684800,4.642684814453125,-6.598965718835592,-1.6662518350049853,-1.3549294852085412
1782846796762689800,4.652689697265625,-6.067719492262602,0.29445524001717566,-0.5526090403363109
1782846796772693800,4.66269384765625,-5.246248795109987,1.828914047771692,-0.08681516381762922
1782846796782698800,4.67269873046875,-4.040616283529997,2.721267668659985,0.17020013399086892
1782846796792703700,4.682703857421875,-1.9901175861626863,2.8338664583578703,0.30062143449671563
1782846796802707700,4.692707763671875,0.6383575247704982,2.0175176342636347,0.3921452874619514
1782846796812712700,4.702712646484375,3.3705385093718765,0.8942214605867862,0.496761553973332
1782846796822717700,4.7127177734375,6.116725807493925,0.2624292856812477,0.814119384541735
1782846796832721400,4.722721435546875,8.461698449578881,0.27489859889298673,0.9539243802689016
1782846796842726400,4.732726318359375,9.731951025107502,0.9483715684473514,0.8910260986115783
1782846796852731400,4.7427314453125,10.008539184522629,1.769478400723636,0.49664859511815007
1782846796862735600,4.752735595703125,9.939915145629644,2.2659639872998,-0.32361835226789115
1782846796872740600,4.76274072265625,9.998022466683388,2.6755346760109067,-1.0035041845392436
1782846796882745600,4.77274560546875,9.878436302316189,3.065269906656444,-1.5852333017021416
1782846796892749600,4.78274951171875,9.415379230350256,3.419911904349923,-2.140336496941745
1782846796902754600,4.792754638671875,9.213587076461314,3.690832247261703,-2.3560475783288477
1782846796912758500,4.802758544921875,9.396286991867422,3.7695004180461167,-2.2667677048981187
1782846796922763500,4.812763427734375,9.761510881590842,3.7048590190485116,-1.9882275346323846
1782846796932768500,4.8227685546875,10.089754993963242,3.569112577997148,-1.6489438495904207
1782846796942772700,4.832772705078125,10.66108188651204,3.3139711112365124,-1.3732105534389614
1782846796952777700,4.84277783203125,11.15122570284605,3.058613663637638,-0.997838925319165
1782846796962782700,4.85278271484375,11.237170294374227,2.7172487884074448,-0.7799420243255794
1782846796972786700,4.86278662109375,11.149260540252923,2.4000182374805212,-0.8583420456930995
1782846796982791700,4.872791748046875,10.921637195014952,2.2868784727737306,-0.9415019749388098
1782846796992796700,4.882796630859375,10.440362913835049,2.409934651339054,-0.9961702614545822
1782846797002800400,4.89280029296875,9.756673378431797,2.4553967180922625,-1.0192637714680284
1782846797012805400,4.902805419921875,9.233055162519216,2.4809870864227412,-0.9118354432106017
1782846797022810400,4.912810302734375,8.715167599213123,2.623238379323482,-0.7383734578795731
1782846797032814600,4.922814697265625,8.079069836068152,2.8517978363677856,-0.5777672277946024
1782846797042819600,4.932819580078125,7.335271576660871,2.84799464469254,-0.6864627995088696
1782846797052824600,4.942824462890625,6.659058660748601,2.462512979838252,-0.8671693491406738
1782846797062828500,4.95282861328125,5.9246899084657425,1.9048691602051258,-1.1617593214534223
1782846797072833500,4.96283349609375,4.849017071229219,1.2164619486302137,-1.2633683689728379
1782846797082838500,4.972838623046875,3.2050416577011345,0.5788187096089125,-1.2020119829952716
1782846797092842500,4.982842529296875,0.7162398058742284,0.12069587917476891,-1.0312947663277388
1782846797102847500,4.992847412109375,-2.231326389160752,-0.18531886573284864,-0.9068518095791339
1782846797112851700,5.002851806640625,-4.997634099769592,-0.4982169404134154,-0.6740656747505068
1782846797122856700,5.012856689453125,-6.890421192514896,-0.9435852109536528,-0.022665420794487
1782846797132861700,5.02286181640625,-7.8489587656676765,-1.1011007084816693,0.9822127555117011
1782846797142865700,5.03286572265625,-8.760702438941598,-1.0874866091489792,1.8939400621727107
1782846797152870700,5.04287060546875,-9.85238065456152,-1.708602784000337,1.8746920486062764
1782846797162875600,5.052875732421875,-10.867995621198416,-3.579102349352836,0.8014858937442302
1782846797172879400,5.06287939453125,-11.763476141935586,-5.439990913534164,-0.06994549675509333
1782846797182884400,5.07288427734375,-12.362904508852958,-5.339518614959717,0.34977877557128667
1782846797192889300,5.082889404296875,-12.961279567325114,-3.440206796620786,1.953120711546391
1782846797202893600,5.0928935546875,-12.983538160884379,-1.129564440291375,3.557976559215784
1782846797212898600,5.102898681640625,-12.077955932849646,0.5497524818614125,4.1521407219946385
1782846797222903600,5.112903564453125,-10.872608667951821,1.010728655900061,3.595831950357556
1782846797232907500,5.122907470703125,-9.377755894398689,0.23494331286251544,2.3526148274011907
1782846797242912500,5.13291259765625,-7.234703416496515,-1.394172092925012,1.1255280243821442
1782846797252917500,5.14291748046875,-4.424267810347676,-3.4925416717529294,0.6379466058820485
1782846797262921500,5.15292138671875,-1.2031593994647263,-5.383256634399294,0.8444497139409184
1782846797272926500,5.162926513671875,1.4890110617876051,-5.901231291466951,1.4376613983005284
1782846797282930700,5.1729306640625,2.7762580267369747,-4.779856733502447,1.873614774763584
1782846797292935700,5.182935791015625,2.632761994472146,-2.959393410950899,1.65976218072474
1782846797302940700,5.192940673828125,1.8101964878201484,-1.5471562306337057,1.0047421288363636
1782846797312944600,5.202944580078125,0.7984212454766034,-0.4703445986256003,0.31291086109690364
1782846797322949600,5.21294970703125,-0.14189444228708742,0.7596763581492006,0.027448051961138843
1782846797332954600,5.22295458984375,-0.5120715705037117,1.562596376349777,-0.024702844906225797
1782846797342958300,5.232958251953125,0.06978431484401226,2.046630769892782,-0.036100218037515876
1782846797352963300,5.24296337890625,1.0424228940635918,2.367896567685157,-0.10617423654310405
1782846797362968300,5.25296826171875,2.1039684217482804,2.414022212913632,-0.4278626436617225
1782846797372972500,5.26297265625,3.151848996695876,2.2339548379682004,-0.9167312524281441
1782846797382977500,5.2729775390625,4.021376161009073,1.991759946542233,-1.285736852647364
1782846797392982500,5.282982421875,4.8958565638154745,1.680266770223528,-1.5000048956193028
1782846797402986500,5.292986572265625,5.65415739582777,1.3977575501963495,-1.6803968263439832
1782846797412991500,5.302991455078125,6.067715400609374,1.0381447783529758,-1.703561136571318
1782846797422996500,5.31299658203125,6.3543614281803364,0.8083129632852971,-1.5747396724775433
1782846797433000400,5.32300048828125,6.404647261828184,0.717536859947443,-1.3783787498570979
1782846797443005400,5.33300537109375,6.106140116071701,0.7416567173339426,-1.1128176689561455
1782846797453010400,5.343010498046875,5.790644426113367,0.6072308573618531,-0.8658100434862077
1782846797463014700,5.3530146484375,5.514904407960176,0.51221448610574,-0.6663496204804629
1782846797473019600,5.36301953125,5.073198751580715,0.6069248601526022,-0.3406248705178499
1782846797483023600,5.373023681640625,4.508703166356683,0.819724145746231,0.054051177530735725
1782846797493028600,5.383028564453125,3.9062148273468016,1.064494294487685,0.49455527610071
1782846797503033600,5.39303369140625,3.242439368203282,1.28591220921427,0.651906961369142
1782846797513037600,5.40303759765625,2.565360190850496,1.6226256053768098,0.7163637975800782
1782846797523042600,5.41304248046875,2.0802491079866883,2.009553523516655,0.8665312704328447
1782846797533047600,5.423047607421875,1.8278467108011245,2.066568373158574,0.9080005412228405
1782846797543051500,5.433051513671875,1.5413292780458927,1.953019150868058,0.810380563339591
1782846797553056500,5.443056396484375,1.2122434541523457,1.736565580550581,0.652062955648452
1782846797563061500,5.4530615234375,0.6540951921284198,1.3087225914373992,0.2596788909945637
1782846797573065500,5.4630654296875,-0.12018003860712051,0.6039905602663755,-0.0673070380102843
1782846797583070500,5.473070556640625,-0.7371627669155597,-0.05207081736847758,-0.04985774442888796
1782846797593075500,5.483075439453125,-1.200908990189433,-0.6955246423646807,0.21578305064477024
1782846797603079700,5.49307958984375,-1.8362024512141941,-1.365778211481124,0.7387526664555072
1782846797613084700,5.503084716796875,-2.9033149653762576,-1.9767054391428827,1.1921627160888164
1782846797623089700,5.513089599609375,-4.443257172977924,-2.384523000576347,1.2628599810592829
1782846797633093600,5.52309375,-6.37479572892189,-2.662924200762808,1.1669905001051724
1782846797643098600,5.5330986328125,-8.644971780958771,-2.8097096299618483,1.0288129594493656
1782846797653102600,5.5431025390625,-10.991740074288844,-2.6556241068825126,1.2427584194034338
1782846797663107600,5.553107666015625,-13.043718196558952,-2.408202420718968,1.9099074466332793
1782846797673112600,5.563112548828125,-14.96932034819126,-2.3935928806081415,2.4736501676633953
1782846797683116500,5.573116455078125,-16.197470981049538,-2.7426544478207826,2.6451202485248446
1782846797693121500,5.58312158203125,-16.74682335767746,-3.095915512549877,2.392231382996589
1782846797703126500,5.59312646484375,-16.18375692847371,-3.1364579508185386,1.762133152527362
1782846797713130500,5.603130615234375,-14.621969384288787,-3.1310897017836568,0.8295745086312294
1782846797723135500,5.613135498046875,-12.85710958327651,-3.130046914732456,0.0854486247047782
1782846797733140500,5.623140380859375,-10.536568202614784,-3.17349442679286,-0.4218322043910622
1782846797743144400,5.63314453125,-8.137018167167902,-2.9824516304552553,-0.8227633673116564
1782846797753149400,5.6431494140625,-6.181230136108398,-2.4078603292830287,-1.0121493363529444
1782846797763154400,5.653154541015625,-4.554875719466805,-1.5795068868793547,-1.0203336657218633
1782846797773158700,5.66315869140625,-3.1770635174512862,-0.5707501155741512,-0.800352505800128
1782846797783163600,5.67316357421875,-1.9073960483342407,0.44836642944291233,-0.4157401711262762
1782846797793168600,5.683168701171875,-0.8038163825184106,1.2886672070108354,-0.004154343200474977
1782846797803172600,5.693172607421875,0.21605039634406564,1.9152504150964318,0.27730207983814176
1782846797813177600,5.703177490234375,1.345439626199007,2.1569883565351367,0.334285073037073
1782846797823181600,5.713181640625,2.5888404351592063,2.110765242281556,0.2765343834012747
1782846797833186600,5.7231865234375,4.078654045501351,1.9248146545164286,0.19595219568908212
1782846797843191600,5.733191650390625,5.579413997271657,1.7066607100218534,0.06813216372281312
1782846797853195800,5.74319580078125,6.743953450962901,1.5695710376679897,-0.09786576933786273
1782846797863200800,5.75320068359375,7.707405684164166,1.5994859911993144,-0.21301614321470258
1782846797873205800,5.763205810546875,8.48724907042086,1.7447564857907591,-0.2638854758389294
1782846797883209700,5.773209716796875,8.984262188002466,1.995214909301698,-0.38533012755438684
1782846797893214700,5.783214599609375,9.09418094483614,2.37016144387722,-0.49423634634464975
1782846797903219700,5.7932197265625,8.984625760617853,2.780235113674402,-0.6341016939569264
1782846797913223700,5.8032236328125,8.880065315946936,3.0866099240660665,-0.7717185319900512
1782846797923228700,5.813228759765625,9.059048256656528,3.0673499278008935,-0.8930265517137944
1782846797933233700,5.823233642578125,9.498169741761684,2.804939346820116,-1.0045715215098112
1782846797943238000,5.83323779296875,10.048349801385402,2.5576871720045804,-1.1175738505072892
1782846797953243000,5.843242919921875,10.685275247526167,2.3208777730092405,-1.1517965842351316
1782846797963247900,5.853247802734375,11.3368476431787,2.075310920932144,-1.1919278844196348
1782846797973251600,5.86325146484375,11.746535528528689,1.8415562333323061,-1.3372235865175723
1782846797983256600,5.873256591796875,11.927930206555127,1.6438745835021138,-1.5940024452216923
1782846797993260500,5.883260498046875,11.829127302497625,1.6135422813415525,-1.8911799498096107
1782846798003265500,5.893265625,11.489454618138074,1.7607618641741574,-2.1404710831068456
1782846798013270500,5.9032705078125,10.880568687045573,2.057827725081146,-2.2482135188147425
1782846798023274800,5.913274658203125,10.117518614679575,2.3666698023691772,-1.949229987718165
1782846798033279700,5.92327978515625,9.351838193809986,2.5682261016756294,-1.4870993829473853
1782846798043284700,5.93328466796875,8.590669697406888,2.6269337267100807,-1.0728736349720507
1782846798053288700,5.943288818359375,7.877735362818837,2.506662794949114,-0.7943545074943452
1782846798063293700,5.953293701171875,7.007241983821988,2.085434986191988,-0.6872654941938817
1782846798073298700,5.963298583984375,5.920673658561706,1.4704532224424183,-0.6360083312958479
1782846798083302700,5.973302734375,4.29445718908608,0.7276843060828745,-0.45049883836172516
1782846798093307600,5.9833076171875,2.0315596036195753,-0.045453298924863335,-0.2803380865331739
1782846798103312600,5.993312744140625,-0.16367723502814768,-0.6165161337099969,-0.19966332516670227
1782846798113316900,6.00331689453125,-2.220975675538182,-0.961585854807496,-0.05835968837961554
1782846798123321900,6.01332177734375,-3.8939410367071625,-1.003056221576035,0.5209375985264778
1782846798133326800,6.023326904296875,-5.045769477385282,-1.0149594253376126,1.5609436407066881
1782846798143330600,6.03333056640625,-6.111613579046726,-1.3667857810884714,2.418760493481904
1782846798153335600,6.04333544921875,-7.127392211812734,-2.5513062387958167,2.1501193475484848
1782846798163340500,6.053340576171875,-8.008513367807865,-4.383077137303352,0.6783939132131636
1782846798173344500,6.063344482421875,-8.771133816584944,-5.708829481735825,-0.44520460441112514
1782846798183349500,6.073349609375,-10.024908135521411,-6.285534560191631,-0.04556888812854886
1782846798193353700,6.083353759765625,-12.030868018460273,-4.834710313457251,1.9308258776299654
1782846798203358700,6.093358642578125,-13.574523693627118,-1.4865882185548542,4.287017394474148
1782846798213363700,6.10336376953125,-14.223954401075838,1.6795030923746526,5.506470926135778
1782846798223367700,6.11336767578125,-14.320718492782115,3.129085083962977,4.816505379202962
1782846798233372700,6.12337255859375,-13.397052326524257,2.9603412131950257,2.8887068865701555
1782846798243377700,6.133377685546875,-11.249168190681933,1.6581233274765312,0.9058595106061548
1782846798253381600,6.143381591796875,-8.087564108169078,-0.7298176648497581,-0.35501821059472854
1782846798263386600,6.15338671875,-3.4781986736238,-4.014651528929174,-0.7994210701689124
1782846798273391600,6.1633916015625,1.2041899115562438,-6.3666919174432755,-0.3696034930471331
1782846798283395800,6.173395751953125,4.075051637095212,-6.413507444632053,0.372906991571933
1782846798293400800,6.18340087890625,4.64403225877881,-4.821864568148553,0.6670519965961575
1782846798303405800,6.19340576171875,3.212929780602455,-3.1295833888739346,0.07135558274872601
1782846798313409500,6.203409423828125,0.9457073176741599,-1.7024227801911531,-0.3470814993113279
1782846798323414500,6.21341455078125,-0.35623686566948887,-0.19713059181869028,-0.24001820497401058
1782846798333419500,6.22341943359375,-1.0466489873260258,1.0626773812588304,-0.15865553440861402
1782846798343423500,6.233423583984375,-1.2678636345654726,1.965367468048632,-0.01670614706389606
1782846798353428500,6.243428466796875,-0.7249573653370142,2.4052283733442423,-0.058135597300156945
1782846798363432700,6.2534326171875,0.37103520635068415,2.5094153085276485,-0.33484979424774647
1782846798373437700,6.263437744140625,1.4528390936881304,2.59919377913028,-0.5733550373755395
1782846798383442700,6.273442626953125,2.346112459769845,2.663319629821181,-0.7877552553597837
1782846798393446700,6.28344677734375,3.2386627722740173,2.499163963626325,-1.1213876366417854
1782846798403451600,6.29345166015625,4.1838732463419435,2.2290859167575836,-1.4616960616216064
1782846798413456600,6.30345654296875,4.973891405132413,1.8696521547429263,-1.6501967722609638
1782846798423460600,6.313460693359375,5.6193900338292115,1.4911246929407118,-1.6837968440458178
1782846798433465600,6.323465576171875,6.126629946392774,1.1145108827400951,-1.5473802486479282
1782846798443470600,6.333470703125,6.507181169107556,0.6825277981474995,-1.2862322349488735
1782846798453474800,6.343474853515625,6.705483142793178,0.4235026948865503,-0.9669600221265107
1782846798463479800,6.353479736328125,6.7214172095060345,0.1901487701073289,-0.5404389292668551
1782846798473484800,6.36348486328125,6.432023344531655,0.35398506815470754,-0.011435513184592128
1782846798483488500,6.373488525390625,5.745557330152392,0.7831887511618435,0.3642936231359839
1782846798493493500,6.383493408203125,4.85278373028636,1.1754593455038964,0.6657976856861263
1782846798503498500,6.39349853515625,4.047501366868615,1.359611651675403,0.6786886583760381
1782846798513502700,6.403502685546875,3.4824358728021383,1.521756416439265,0.5857753238137811
1782846798523507700,6.4135078125,3.119513245758414,1.724450779864937,0.5002044609688222
1782846798533511700,6.42351171875,2.7614275373518464,1.7331095948778092,0.45204709071703253
1782846798543516700,6.4335166015625,2.316240468597412,1.6819855568401514,0.3881098944660276
1782846798553521700,6.443521728515625,1.518989435943961,1.6508356546863912,0.25813217300921676
1782846798563525600,6.453525634765625,0.7648778723150491,1.5221318256229162,0.13862725718468427
1782846798573530600,6.463530517578125,0.02134381680190563,1.2343417425833643,-0.04528481049016118
1782846798583535600,6.47353564453125,-1.0241770432770252,0.7723540534146129,-0.3172985015965998
1782846798593539800,6.483539794921875,-2.184028631412983,0.18532894873544573,-0.48870391972400246
1782846798603544800,6.493544921875,-3.4414024361461397,-0.6372872651904821,-0.5120641909148543
1782846798613549800,6.5035498046875,-4.4303357320845125,-1.6295763012975453,-0.5941543720372021
1782846798623553800,6.5135537109375,-5.220633292338252,-2.5761852439865467,-0.6537995701827108
1782846798633558800,6.523558837890625,-6.34338936778903,-3.123236357934773,-0.49407574895545836
1782846798643563800,6.533563720703125,-7.829756052547693,-3.2825939761981364,-0.02765015040449798
1782846798653567700,6.543567626953125,-9.43672480071783,-3.0998043366819616,0.7912466046068817
1782846798663572700,6.55357275390625,-11.203942563033102,-2.967398145969212,1.2758993492439388
1782846798673577700,6.56357763671875,-13.193823417830467,-3.1525773109704254,1.3630040705926716
1782846798683581700,6.573581787109375,-14.843873767358064,-3.295916983629763,1.1513251673310994
1782846798693586700,6.583586669921875,-15.27137671086192,-3.583877308669686,0.6539792375985533
1782846798703590700,6.593590576171875,-14.432289692997932,-3.9598300976783034,0.36017983114160596
1782846798713595600,6.603595703125,-13.07745913811922,-4.279204382635653,0.3009752894356847
1782846798723600600,6.6136005859375,-11.90196691325903,-4.424201174852252,0.2037207838639617
1782846798733604600,6.6236044921875,-11.205965008771418,-4.12845969441682,0.25174049921073016
1782846798743609600,6.633609619140625,-10.785752222275732,-3.194247876486182,0.7646409948192536
1782846798753614600,6.643614501953125,-10.253388389849663,-1.789057253679633,1.407153593442589
1782846798763618800,6.653618896484375,-9.166761027878522,-0.2974880318418145,2.06963477499187
1782846798773623800,6.663623779296875,-7.470809343397617,1.0228883186407387,2.539556179769337
1782846798783628800,6.67362890625,-5.426587826603651,1.971865013374388,2.533467215244472
1782846798793632800,6.6836328125,-3.1280531105667353,2.4732301886856556,2.0201400917217134
1782846798803637800,6.6936376953125,-0.8686784385293722,2.3829947680957613,1.3102359186097978
1782846798813642800,6.703642822265625,1.2802958306372165,2.028019592925161,0.5429496334461495
1782846798823647200,6.713647216796875,3.2661037369072434,1.6878804600976407,-0.09791523450277745
1782846798833652200,6.72365234375,5.087385682365298,1.4248825807482004,-0.5521248004833236
1782846798843657200,6.7336572265625,6.720417092552781,1.204050649216026,-0.8709526670716703
1782846798853661200,6.7436611328125,8.080552183580398,1.079914274198562,-0.9634561787240207
1782846798863666200,6.753666259765625,9.174158736914396,1.0700148114748298,-0.8612424433097243
1782846798873671200,6.763671142578125,10.097891538667678,1.185534018664062,-0.7310371967073529
1782846798883675400,6.77367529296875,10.816982057797908,1.355390088457614,-0.6392166988831013
1782846798893680400,6.783680419921875,11.120765098130702,1.6222491732798516,-0.6645197016395628
1782846798903684400,6.793684326171875,11.165263580548762,1.9375771054558455,-0.8237561777412891
1782846798913689300,6.803689453125,11.303976470190285,2.0389776247911153,-0.7351739311859011
1782846798923694300,6.8136943359375,11.649820536661148,2.0472015555180607,-0.32273181522432715
1782846798933698300,6.8236982421875,11.906925996971129,1.8487736173652112,-0.16505148252341895
1782846798943703300,6.833703369140625,12.145676300901174,1.582607775504142,-0.020823263526521623
1782846798953708300,6.843708251953125,12.329832260334491,1.4214676577381788,-0.03234930453877896
1782846798963712500,6.85371240234375,12.499942158758639,1.4009601456299423,-0.1398392633229494
1782846798973717500,6.863717529296875,12.46983928143978,1.3391229903981088,-0.0852685188975185
1782846798983722500,6.873722412109375,12.069257078087329,1.2749527160435914,0.014866620144434272
1782846798993726200,6.883726318359375,11.64530218245387,1.3652325602971016,0.08206259899567812
1782846799003731200,6.893731201171875,11.266419769734144,1.5165475957497954,0.13131726296488194
1782846799013736200,6.903736083984375,10.64239472169876,1.7234300585150717,0.12702289023920893
1782846799023740400,6.913740478515625,9.768475459906458,2.077655145970732,-0.0819517224997282
1782846799033745400,6.923745361328125,8.607117558860779,2.5291467216968533,-0.5476189404314383
1782846799043749400,6.933749267578125,7.5201260397523635,2.8083608457013964,-0.9820458745121955
1782846799053754400,6.94375439453125,6.522360033538937,2.654471721976995,-1.3412261001572012
1782846799063759400,6.95375927734375,5.449930123746395,2.1006175038851795,-1.3771467238441109
1782846799073763300,6.963763427734375,4.023688529604673,1.5543094633892178,-1.0193844021730125
1782846799083768300,6.973768310546875,2.311016596469283,1.4289594747982919,-0.41842298046946524
1782846799093773300,6.983773193359375,0.3749620244055986,1.2414854768581687,0.0953596317358315
1782846799103777500,6.993777587890625,-1.5876228271871804,0.9796753459885715,0.5296344805274158
1782846799113782500,7.003782470703125,-3.5071932974398132,0.651098786791414,0.8192273021399974
1782846799123787500,7.01378759765625,-5.050891642704606,0.3734834762856364,1.2093425450790674
1782846799133791500,7.02379150390625,-6.129365508836507,0.3356495663233101,1.5605086102902888
1782846799143796500,7.03379638671875,-6.980113738399743,0.15688757488802074,1.492329392555356
1782846799153801500,7.043801513671875,-8.06601980035901,-0.9231029794171453,0.9094242904156445
1782846799163805200,7.05380517578125,-8.734744406342505,-2.2186315966300665,0.2616480721756816
1782846799173810200,7.06381005859375,-8.474613460731506,-3.1580493126407263,0.09016922348588705
1782846799183815200,7.073815185546875,-9.350736954569816,-4.483502089604735,0.32248701015040276
1782846799193819400,7.0838193359375,-11.453638623869418,-4.585702819406986,1.1832327559843658
1782846799203824400,7.093824462890625,-13.035518523490428,-3.3159605314880607,2.2573918276570737
1782846799213828400,7.103828369140625,-13.743311403536795,-1.8180255740106104,2.936271478560567
1782846799223833300,7.113833251953125,-13.916929602342844,-0.43759895171299573,3.005131079775095
1782846799233838300,7.12383837890625,-12.98879885789156,0.4563843162037432,2.612608848759532
1782846799243842300,7.13384228515625,-11.012885738170146,0.21558774726837873,1.8930850527785716
1782846799253847300,7.143847412109375,-8.444369129115342,-0.8649664322689176,1.102183243021369
1782846799263852300,7.153852294921875,-5.6884033643007275,-2.185868998582661,0.6265098505884409
1782846799273856500,7.1638564453125,-2.689482245081663,-3.4410300957024096,0.40225013656467196
1782846799283861500,7.173861572265625,0.01661737280189991,-4.005069169330596,0.36141989433057603
1782846799293866500,7.183866455078125,1.8432891946047543,-3.6156852363407608,0.29573702345602215
1782846799303870500,7.193870361328125,2.702483180952072,-2.7224735373184084,-0.16363471106067298
1782846799313875500,7.20387548828125,2.706013693165779,-1.596794706288725,-0.9348865023218095
1782846799323880400,7.21388037109375,2.0841186428964136,-0.8317936459854245,-1.571498790860176
1782846799333884200,7.22388427734375,1.5714157887518405,0.3422853510759771,-1.547949572968483
1782846799343889200,7.23388916015625,1.294116266196966,1.1555112208440899,-1.4219541260808706
1782846799353894100,7.24389404296875,1.4912135402679443,1.7233602081492543,-1.3557237043261527
1782846799363898400,7.2538984375,2.2039175732314584,2.4451877510279414,-1.196821867006272
1782846799373903400,7.2639033203125,2.9841981818616388,2.8071301348626614,-1.1865199609614907
1782846799383907300,7.2739072265625,3.831192611849308,2.8888182379901406,-1.4071069778218865
1782846799393912300,7.283912353515625,4.5603129420846695,2.799737686523795,-1.7672789909832178
1782846799403917300,7.293917236328125,5.2392421312183135,2.607328862529993,-2.0974792058594525
1782846799413921300,7.30392138671875,5.825967083907127,2.4285050579048693,-2.199560547065735
1782846799423926300,7.31392626953125,6.292599091750383,2.199493765439838,-2.227204925316572
1782846799433931300,7.32393115234375,6.684305914729833,1.915336047553271,-2.178088427709043
1782846799443935500,7.333935546875,6.941713572856783,1.6637258236587047,-1.9839473730951547
1782846799453940500,7.3439404296875,6.979034710991383,1.5818619255729018,-1.6226348115965723
1782846799463945500,7.353945556640625,6.805670194685459,1.5396654364868998,-1.0981392283275724
1782846799473949400,7.363949462890625,6.437509082466364,1.485503638188541,-0.6377545904412866
1782846799483954400,7.373954345703125,6.108983230543136,1.5711971775650977,-0.2570375096403062
1782846799493959400,7.38395947265625,5.578790312415361,1.7629793940931557,0.16891637779064475
1782846799503963100,7.393963134765625,4.986536951693892,1.8515850215241312,0.5172208430256694
1782846799513968000,7.403968017578125,4.454194746577739,1.8960672834597527,0.6964989672895521
1782846799523973000,7.41397314453125,3.9103286924064156,1.8788398159354924,0.8543996647428721
1782846799533977300,7.423977294921875,3.33800635907948,1.7852118302978575,0.7861673285812139
1782846799543982300,7.433982421875,2.468177581471205,1.4496156015969812,0.4353924546446651
1782846799553986300,7.443986328125,1.5209610282778738,0.9497137768365442,-0.07976919082887471
1782846799563991300,7.4539912109375,0.42378246167600153,0.34252705087736246,-0.4753145690578967
1782846799573996300,7.463996337890625,-0.8712158480525016,-0.43866979581490156,-0.6074186350189149
1782846799584000300,7.474000244140625,-2.559716632005572,-0.924069486361742,-0.38336934887543317
1782846799594005200,7.484005126953125,-4.338158383646607,-1.049166230843961,0.2777531115412712
1782846799604010200,7.49401025390625,-6.12111790497303,-1.090446627998352,0.9105374392893165
1782846799614014500,7.504014404296875,-7.932461224740743,-1.290679277485609,1.5021502370849251
1782846799624019500,7.51401953125,-9.594074586290121,-1.863764558009058,1.8999762735970318
1782846799634024400,7.5240244140625,-10.910589731299876,-2.591410577908158,2.0933564268410203
1782846799644028400,7.5340283203125,-11.896743625652789,-3.448873210418224,2.238426576554775
1782846799654033400,7.544033447265625,-12.902294294393062,-4.74686953291893,2.1455562774166466
1782846799664038400,7.554038330078125,-13.95123285396099,-5.516814625495672,1.9389540928974747
1782846799674042000,7.5640419921875,-15.058661011898517,-5.352243656498193,1.4535048641204833
1782846799684047000,7.574047119140625,-15.830502293485402,-4.899885088679194,0.8091820012047887
1782846799694051300,7.58405126953125,-15.772799461579321,-4.498164236685634,0.20524207514710724
1782846799704056300,7.594056396484375,-14.945589928513764,-4.244732788713276,-0.07057027758993208
1782846799714061300,7.604061279296875,-13.580772232627869,-3.938682095709443,0.257805790599063
1782846799724065300,7.614065185546875,-11.922565464651584,-3.27815833183825,0.9618682519454509
1782846799734070300,7.6240703125,-10.195897154867648,-2.5265321552842854,1.7073773338586091
1782846799744075300,7.6340751953125,-8.407845278838277,-1.690039391697198,2.244183094254881
1782846799754079200,7.644079345703125,-6.665763126823306,-0.6501813796855509,2.746959159277379
1782846799764084200,7.654084228515625,-4.869210548952221,0.28746874213069673,3.0722289320141076
1782846799774089200,7.664089111328125,-2.8676211361825463,1.0051327355891466,3.11493293223083
1782846799784093400,7.674093505859375,-0.6676093382179736,1.2772662536829709,2.849014927650988
1782846799794098400,7.684098388671875,1.6148334901958703,1.228563305312395,2.316206858588755
1782846799804103400,7.694103515625,3.728152508613467,1.156863950627297,1.6573142030507326
1782846799814107400,7.704107421875,5.544033471810818,1.1447801296018063,0.9382980643309652
1782846799824112400,7.7141123046875,6.97678137910664,1.32686308215335,0.11373670768663287
1782846799834117400,7.724117431640625,8.019607593274117,1.4863821745887398,-0.6857751825708895
1782846799844121300,7.734121337890625,8.790991194221377,1.712256338071823,-1.3515294675067067
1782846799854126300,7.744126220703125,9.489174534401297,2.1899670815512535,-1.8922259517312048
1782846799864130600,7.754130615234375,9.809638075900077,2.913171173480153,-2.3479231624536214
1782846799874135600,7.764135498046875,9.734059980085492,3.785097215628624,-2.7766309517025944
1782846799884140500,7.774140625,9.808874690312146,4.411719002158939,-2.961789950698614
1782846799894144500,7.78414453125,10.08043303886652,4.759426816675067,-3.001158669012785
1782846799904149500,7.7941494140625,10.321621968120336,4.971196174699068,-3.022355770820379
1782846799914154500,7.804154541015625,10.584813470345734,4.979368959760666,-3.013925796127319
1782846799924158200,7.814158203125,11.264265222048758,4.803164836114645,-2.846652290172875
1782846799934163500,7.82416357421875,11.702983971571921,4.366814277027547,-2.573762400753796
1782846799944168400,7.83416845703125,11.982343349266051,3.6720024591073392,-2.562728965564072
1782846799954172400,7.84417236328125,12.507221794372796,2.9921172844231125,-2.596453832772374
1782846799964177400,7.854177490234375,12.827359757179021,2.4704043176099657,-2.4692282595679163
1782846799974182400,7.864182373046875,12.806154472064971,2.1342563002452253,-2.323380549610406
1782846799984186400,7.874186279296875,12.583814035665988,2.0810551636725663,-2.184290643350035
1782846799994191400,7.88419140625,11.884990059494971,2.2820295714378354,-1.7930020457826554
1782846800004196400,7.8941962890625,10.87837322282791,2.3164690166562796,-1.3788855303354561
1782846800014200600,7.90420068359375,9.311816564545035,2.5122534545630213,0.38539997792020436
1782846800024205600,7.91420556640625,6.030889937037229,2.2678744970962406,4.232273412373662
1782846800034209500,7.92420947265625,4.475154532498121,1.6809227499142287,2.658976339919865
1782846800044214500,7.934214599609375,4.025985700631141,1.8951406701341271,2.105700213976949
1782846800054219500,7.944219482421875,2.549573423653841,1.7167951505452395,0.9198173818752169
1782846800064223500,7.954223388671875,0.4748310963898897,1.1886121109351515,-0.33802900880575176
1782846800074228500,7.964228515625,-0.9711316817879676,0.521712966813147,-1.260433630695194
1782846800084233500,7.9742333984375,-1.6163526625871658,0.16785715106129645,-1.0600396531663834
1782846800094237400,7.984237548828125,-2.238819959786534,-0.2755176075741648,-0.3795598735898733
1782846800104242400,7.994242431640625,-3.3240795405358075,-0.5204518608361483,0.6546401126600802
1782846800114247400,8.004247314453124,-4.290383071514964,-0.4912000473886728,1.795674625992775
1782846800124251400,8.01425146484375,-4.888887309324741,-0.5269003063231706,2.148827846433222
1782846800134256400,8.02425634765625,-5.495182054880261,-1.0933142923891543,2.0169206912837923
1782846800144261400,8.034261474609375,-6.339552566105127,-2.1930089334651828,1.512983035136014
1782846800154265300,8.044265380859375,-7.084544419211149,-3.728637954042852,0.5700280849099159
1782846800164270300,8.054270263671874,-8.009168616846203,-5.434242725270987,0.2563372524164617
1782846800174275300,8.064275390625,-8.422303427779674,-5.554444391188025,1.5063305915094911
1782846800184279600,8.074279541015626,-8.378041676726937,-3.8199505023449656,3.4397222279742357
1782846800194284500,8.084284423828125,-8.575193895855545,-1.6879317518934607,4.723012271991371
1782846800204288500,8.09428857421875,-9.0524414057374,-0.22708178570717572,4.869186583554744
1782846800214293500,8.10429345703125,-9.481183535647391,0.16246581341177224,3.9663507316187023
1782846800224298500,8.114298583984375,-9.447918979427218,-0.12084376321285963,2.5828461631804704
1782846800234302500,8.124302490234374,-8.824059351086616,-0.7420426479116081,1.4414397477954626
1782846800244307500,8.134307373046875,-7.859329353034496,-1.7079174320846795,0.5636348767414688
1782846800254312400,8.1443125,-6.236914029407501,-2.8010715654760596,0.04123480444699525
1782846800264316400,8.15431640625,-3.7512311863839622,-3.7155937635526057,-0.18013503335416317
1782846800274321400,8.1643212890625,-1.610977399289608,-4.1023599152594805,-0.2203894484616816
1782846800284326400,8.174326416015624,-0.15940905618965626,-3.862270179419219,-0.2521295715935528
1782846800294330400,8.184330322265625,0.7298176648497581,-3.0723259626477954,-0.4192582622498274
1782846800304335400,8.19433544921875,0.9719178637295961,-2.008244632875174,-0.6866225201152265
1782846800314340400,8.20434033203125,0.9058136987030505,-0.8422903439499437,-0.8930740441173315
1782846800324344300,8.21434423828125,0.7383890938401222,0.22521789153143762,-0.9933183791548013
1782846800334349300,8.224349365234374,0.6061439389079809,1.1190709571972488,-1.0171947831742465
1782846800344354300,8.234354248046875,0.743823978370428,1.683227519725263,-0.8967300824068486
1782846800354358500,8.244358642578124,1.2452432219564913,1.9586706007584929,-0.4604975967414677
1782846800364363500,8.254363525390625,2.064856308543682,2.043734463929385,-0.13972060537934303
1782846800374367500,8.264367431640625,2.8872990655988455,1.9355413618445396,-0.05960121287330985
1782846800384372500,8.27437255859375,3.6623838591516016,1.5979869848132133,-0.3220107709407806
1782846800394377500,8.28437744140625,4.376286746510863,1.2745859285578132,-0.6649797203667461
1782846800404381400,8.29438134765625,5.0663873180001975,1.1003666951186954,-0.9024164574801922
1782846800414386400,8.304386474609375,5.657163591906428,0.9977676136486232,-1.0842961425445974
1782846800424391400,8.314391357421876,5.833918335172534,1.0086517034955322,-1.1862433359771967
1782846800434395400,8.3243955078125,5.8913096169114105,1.1778250517219304,-1.2551166734561323
1782846800444400400,8.334400390625,5.7932584080040455,1.3804986646205186,-1.1686712927989662
1782846800454405400,8.3444052734375,5.457347706526518,1.5001055795148015,-1.0217851797044277
1782846800464409300,8.354409423828125,5.176643928486109,1.5500556053370236,-0.7647963315114379
1782846800474414300,8.364414306640626,4.974748314222693,1.5868649945572018,-0.3198098998956382
1782846800484419300,8.37441943359375,4.6188101392388345,1.6799951136752962,0.019927228002250195
1782846800494423300,8.38442333984375,4.151275629597902,1.8387217405587433,0.11204568585976958
1782846800504428300,8.39442822265625,3.4415742855817077,2.108887465710938,0.1348867554821074
1782846800514432500,8.4044326171875,2.686082665771246,2.3454373369872568,-0.07519888723865151
1782846800524437500,8.4144375,1.8145950150400398,2.3614643426805735,-0.11250307423844932
1782846800534442500,8.4244423828125,1.1749322528898716,2.1194664351314305,-0.03177183344438672
1782846800544446500,8.434446533203126,0.7641144867271185,1.7072604294806717,0.13410042741000652
1782846800554451500,8.444451416015625,0.3499053245604038,1.1234732838094235,0.26613471607044337
1782846800564456400,8.45445654296875,-0.08342354861795902,0.27115444392859933,0.23320158376172184
1782846800574460400,8.46446044921875,-0.5568722507387399,-0.43982028102427717,0.07559986925497651
1782846800584465400,8.47446533203125,-1.2414864997714756,-0.7703118800625205,-0.30407062510252
1782846800594470400,8.484470458984376,-2.1344553299486635,-0.7747063156291842,-0.34842560739666223
1782846800604474400,8.494474365234375,-3.0421611260086294,-0.7203948797270655,-0.27326003790572284
1782846800614479600,8.504479736328125,-4.35827528900206,-0.8826140249013901,-0.2251212992891669
1782846800624484600,8.514484619140624,-5.57136980702579,-1.1321242077767848,-0.21675898300483823
1782846800634488300,8.52448828125,-7.351752171340585,-1.5551272095128892,-0.14249284657165406
1782846800644493300,8.534493408203126,-8.10311297495663,-1.975166100746393,0.8263108306601643
1782846800654498300,8.544498291015625,-7.559908599564433,-2.55565537391603,2.2491541606657206
1782846800664502300,8.554502197265625,-8.524124802875518,-4.178792289815843,2.7775685248136517
1782846800674507300,8.56450732421875,-9.481908342790604,-4.356311879974603,1.9778892420999705
